ID,CODE_GENDER,FLAG_OWN_CAR,FLAG_OWN_REALTY,CNT_CHILDREN,AMT_INCOME_TOTAL,NAME_INCOME_TYPE,NAME_EDUCATION_TYPE,NAME_FAMILY_STATUS,NAME_HOUSING_TYPE,DAYS_BIRTH,DAYS_EMPLOYED,FLAG_MOBIL,FLAG_WORK_PHONE,FLAG_PHONE,FLAG_EMAIL,OCCUPATION_TYPE,CNT_FAM_MEMBERS
5008804,M,Y,Y,0,427500.0,Working,Higher education,Civil marriage,Rented apartment,-12005,-4542,1,1,0,0,,2.0
5008805,M,Y,Y,0,427500.0,Working,Higher education,Civil marriage,Rented apartment,-12005,-4542,1,1,0,0,,2.0
5008806,M,Y,Y,0,112500.0,Working,Secondary / secondary special,Married,House / apartment,-21474,-1134,1,0,0,0,Security staff,2.0
5008808,F,N,Y,0,270000.0,Commercial associate,Secondary / secondary special,Single / not married,House / apartment,-19110,-3051,1,0,1,1,Sales staff,1.0
5008809,F,N,Y,0,270000.0,Commercial associate,Secondary / secondary special,Single / not married,House / apartment,-19110,-3051,1,0,1,1,Sales staff,1.0
5008810,F,N,Y,0,270000.0,Commercial associate,Secondary / secondary special,Single / not married,House / apartment,-19110,-3051,1,0,1,1,Sales staff,1.0
5008811,F,N,Y,0,270000.0,Commercial associate,Secondary / secondary special,Single / not married,House / apartment,-19110,-3051,1,0,1,1,Sales staff,1.0
5008812,F,N,Y,0,283500.0,Pensioner,Higher education,Separated,House / apartment,-22464,365243,1,0,0,0,,1.0
5008813,F,N,Y,0,283500.0,Pensioner,Higher education,Separated,House / apartment,-22464,365243,1,0,0,0,,1.0
5008814,F,N,Y,0,283500.0,Pensioner,Higher education,Separated,House / apartment,-22464,365243,1,0,0,0,,1.0
5008815,M,Y,Y,0,270000.0,Working,Higher education,Married,House / apartment,-16872,-769,1,1,1,1,Accountants,2.0
5112956,M,Y,Y,0,270000.0,Working,Higher education,Married,House / apartment,-16872,-769,1,1,1,1,Accountants,2.0
6153651,M,Y,Y,0,270000.0,Working,Higher education,Married,House / apartment,-16872,-769,1,1,1,1,Accountants,2.0
5008819,M,Y,Y,0,135000.0,Commercial associate,Secondary / secondary special,Married,House / apartment,-17778,-1194,1,0,0,0,Laborers,2.0
5008820,M,Y,Y,0,135000.0,Commercial associate,Secondary / secondary special,Married,House / apartment,-17778,-1194,1,0,0,0,Laborers,2.0
5008821,M,Y,Y,0,135000.0,Commercial associate,Secondary / secondary special,Married,House / apartment,-17778,-1194,1,0,0,0,Laborers,2.0
5008822,M,Y,Y,0,135000.0,Commercial associate,Secondary / secondary special,Married,House / apartment,-17778,-1194,1,0,0,0,Laborers,2.0
5008823,M,Y,Y,0,135000.0,Commercial associate,Secondary / secondary special,Married,House / apartment,-17778,-1194,1,0,0,0,Laborers,2.0
5008824,M,Y,Y,0,135000.0,Commercial associate,Secondary / secondary special,Married,House / apartment,-17778,-1194,1,0,0,0,Laborers,2.0
5008825,F,Y,N,0,130500.0,Working,Incomplete higher,Married,House / apartment,-10669,-1103,1,0,0,0,Accountants,2.0
5008826,F,Y,N,0,130500.0,Working,Incomplete higher,Married,House / apartment,-10669,-1103,1,0,0,0,Accountants,2.0
5008830,F,N,Y,0,157500.0,Working,Secondary / secondary special,Married,House / apartment,-10031,-1469,1,0,1,0,Laborers,2.0
5008831,F,N,Y,0,157500.0,Working,Secondary / secondary special,Married,House / apartment,-10031,-1469,1,0,1,0,Laborers,2.0
5008832,F,N,Y,0,157500.0,Working,Secondary / secondary special,Married,House / apartment,-10031,-1469,1,0,1,0,Laborers,2.0
5008834,F,N,Y,1,112500.0,Working,Secondary / secondary special,Single / not married,House / apartment,-10968,-1620,1,0,0,0,,2.0
5008835,F,N,Y,1,112500.0,Working,Secondary / secondary special,Single / not married,House / apartment,-10968,-1620,1,0,0,0,,2.0
6153712,F,N,Y,1,112500.0,Working,Secondary / secondary special,Single / not married,House / apartment,-10968,-1620,1,0,0,0,,2.0
5008836,M,Y,Y,3,270000.0,Working,Secondary / secondary special,Married,House / apartment,-12689,-1163,1,0,0,0,Laborers,5.0
5008837,M,Y,Y,3,270000.0,Working,Secondary / secondary special,Married,House / apartment,-12689,-1163,1,0,0,0,Laborers,5.0
5008838,M,N,Y,1,405000.0,Commercial associate,Higher education,Married,House / apartment,-11842,-2016,1,0,0,0,Managers,3.0
5008839,M,N,Y,1,405000.0,Commercial associate,Higher education,Married,House / apartment,-11842,-2016,1,0,0,0,Managers,3.0
5008840,M,N,Y,1,405000.0,Commercial associate,Higher education,Married,House / apartment,-11842,-2016,1,0,0,0,Managers,3.0
5008841,M,N,Y,1,405000.0,Commercial associate,Higher education,Married,House / apartment,-11842,-2016,1,0,0,0,Managers,3.0
5008842,M,N,Y,1,405000.0,Commercial associate,Higher education,Married,House / apartment,-11842,-2016,1,0,0,0,Managers,3.0
5008843,M,N,Y,1,405000.0,Commercial associate,Higher education,Married,House / apartment,-11842,-2016,1,0,0,0,Managers,3.0
5008844,M,Y,Y,0,112500.0,Commercial associate,Secondary / secondary special,Married,House / apartment,-20502,-4450,1,0,1,0,Drivers,2.0
5008846,M,Y,Y,0,112500.0,Commercial associate,Secondary / secondary special,Married,House / apartment,-20502,-4450,1,0,1,0,Drivers,2.0
5008847,M,Y,Y,0,112500.0,Commercial associate,Secondary / secondary special,Married,House / apartment,-20502,-4450,1,0,1,0,Drivers,2.0
5008849,M,Y,Y,0,112500.0,Commercial associate,Secondary / secondary special,Married,House / apartment,-20502,-4450,1,0,1,0,Drivers,2.0
5008850,M,Y,Y,0,112500.0,Commercial associate,Secondary / secondary special,Married,House / apartment,-20502,-4450,1,0,1,0,Drivers,2.0
5008851,M,Y,Y,0,112500.0,Commercial associate,Secondary / secondary special,Married,House / apartment,-20502,-4450,1,0,1,0,Drivers,2.0
5008852,M,Y,Y,0,112500.0,Commercial associate,Secondary / secondary special,Married,House / apartment,-20502,-4450,1,0,1,0,Drivers,2.0
5008853,M,Y,Y,0,112500.0,Commercial associate,Secondary / secondary special,Married,House / apartment,-20502,-4450,1,0,1,0,Drivers,2.0
6153733,M,Y,Y,0,112500.0,Commercial associate,Secondary / secondary special,Married,House / apartment,-20502,-4450,1,0,1,0,Drivers,2.0
6153734,M,Y,Y,0,112500.0,Commercial associate,Secondary / secondary special,Married,House / apartment,-20502,-4450,1,0,1,0,Drivers,2.0
6153735,M,Y,Y,0,112500.0,Commercial associate,Secondary / secondary special,Married,House / apartment,-20502,-4450,1,0,1,0,Drivers,2.0
5008854,F,Y,Y,2,135000.0,Working,Secondary / secondary special,Married,House / apartment,-15761,-3173,1,0,0,0,Laborers,4.0
5008855,F,Y,Y,2,135000.0,Working,Secondary / secondary special,Married,House / apartment,-15761,-3173,1,0,0,0,Laborers,4.0
5008856,F,Y,Y,2,135000.0,Working,Secondary / secondary special,Married,House / apartment,-15761,-3173,1,0,0,0,Laborers,4.0
5008857,F,Y,Y,2,135000.0,Working,Secondary / secondary special,Married,House / apartment,-15761,-3173,1,0,0,0,Laborers,4.0
5008858,F,Y,Y,2,135000.0,Working,Secondary / secondary special,Married,House / apartment,-15761,-3173,1,0,0,0,Laborers,4.0
5008859,F,Y,Y,2,135000.0,Working,Secondary / secondary special,Married,House / apartment,-15761,-3173,1,0,0,0,Laborers,4.0
5008860,F,Y,Y,2,135000.0,Working,Secondary / secondary special,Married,House / apartment,-15761,-3173,1,0,0,0,Laborers,4.0
5008861,F,Y,Y,2,135000.0,Working,Secondary / secondary special,Married,House / apartment,-15761,-3173,1,0,0,0,Laborers,4.0
5008862,F,Y,Y,2,135000.0,Working,Secondary / secondary special,Married,House / apartment,-15761,-3173,1,0,0,0,Laborers,4.0
5008863,F,Y,Y,2,135000.0,Working,Secondary / secondary special,Married,House / apartment,-15761,-3173,1,0,0,0,Laborers,4.0
5008864,F,Y,Y,2,135000.0,Working,Secondary / secondary special,Married,House / apartment,-15761,-3173,1,0,0,0,Laborers,4.0
5008865,F,Y,Y,2,135000.0,Working,Secondary / secondary special,Married,House / apartment,-15761,-3173,1,0,0,0,Laborers,4.0
5008866,F,Y,Y,2,135000.0,Working,Secondary / secondary special,Married,House / apartment,-15761,-3173,1,0,0,0,Laborers,4.0
5008867,F,Y,Y,2,135000.0,Working,Secondary / secondary special,Married,House / apartment,-15761,-3173,1,0,0,0,Laborers,4.0
5112846,F,Y,Y,2,135000.0,Working,Secondary / secondary special,Married,House / apartment,-15761,-3173,1,0,0,0,Laborers,4.0
6153736,F,Y,Y,2,135000.0,Working,Secondary / secondary special,Married,House / apartment,-15761,-3173,1,0,0,0,Laborers,4.0
5008868,F,N,Y,1,211500.0,State servant,Secondary / secondary special,Civil marriage,House / apartment,-16212,-7099,1,0,0,0,Core staff,3.0
5008870,F,N,Y,1,211500.0,State servant,Secondary / secondary special,Civil marriage,House / apartment,-16212,-7099,1,0,0,0,Core staff,3.0
5008872,M,Y,Y,0,360000.0,Commercial associate,Secondary / secondary special,Married,House / apartment,-16670,-5364,1,0,1,0,Security staff,2.0
6153737,M,Y,Y,0,360000.0,Commercial associate,Secondary / secondary special,Married,House / apartment,-16670,-5364,1,0,1,0,Security staff,2.0
5008873,F,N,Y,2,126000.0,Commercial associate,Higher education,Married,House / apartment,-12411,-1773,1,0,0,1,Managers,4.0
5008874,F,N,Y,2,126000.0,Commercial associate,Higher education,Married,House / apartment,-12411,-1773,1,0,0,1,Managers,4.0
5008875,F,N,Y,2,126000.0,Commercial associate,Higher education,Married,House / apartment,-12411,-1773,1,0,0,1,Managers,4.0
5008876,F,N,Y,2,126000.0,Commercial associate,Higher education,Married,House / apartment,-12411,-1773,1,0,0,1,Managers,4.0
5008877,F,N,Y,2,126000.0,Commercial associate,Higher education,Married,House / apartment,-12411,-1773,1,0,0,1,Managers,4.0
5008878,F,N,Y,2,126000.0,Commercial associate,Higher education,Married,House / apartment,-12411,-1773,1,0,0,1,Managers,4.0
5008879,F,N,Y,2,126000.0,Commercial associate,Higher education,Married,House / apartment,-12411,-1773,1,0,0,1,Managers,4.0
5008880,F,N,Y,2,126000.0,Commercial associate,Higher education,Married,House / apartment,-12411,-1773,1,0,0,1,Managers,4.0
5008881,F,N,Y,2,126000.0,Commercial associate,Higher education,Married,House / apartment,-12411,-1773,1,0,0,1,Managers,4.0
5008882,F,N,Y,2,126000.0,Commercial associate,Higher education,Married,House / apartment,-12411,-1773,1,0,0,1,Managers,4.0
5008884,F,N,Y,0,315000.0,Pensioner,Secondary / secondary special,Widow,House / apartment,-20186,365243,1,0,0,0,,1.0
5008888,F,N,Y,0,247500.0,Commercial associate,Higher education,Separated,Rented apartment,-17016,-1347,1,0,0,0,Core staff,1.0
5008889,F,N,Y,0,247500.0,Commercial associate,Higher education,Separated,Rented apartment,-17016,-1347,1,0,0,0,Core staff,1.0
5008890,F,N,Y,0,247500.0,Commercial associate,Higher education,Separated,Rented apartment,-17016,-1347,1,0,0,0,Core staff,1.0
5112847,F,N,Y,0,247500.0,Commercial associate,Higher education,Separated,Rented apartment,-17016,-1347,1,0,0,0,Core staff,1.0
5008891,F,N,Y,0,297000.0,Commercial associate,Secondary / secondary special,Single / not married,Rented apartment,-15519,-3234,1,0,0,0,Laborers,1.0
5008892,F,N,Y,0,297000.0,Commercial associate,Secondary / secondary special,Single / not married,Rented apartment,-15519,-3234,1,0,0,0,Laborers,1.0
5008893,F,N,Y,0,297000.0,Commercial associate,Secondary / secondary special,Single / not married,Rented apartment,-15519,-3234,1,0,0,0,Laborers,1.0
5008894,F,N,Y,0,297000.0,Commercial associate,Secondary / secondary special,Single / not married,Rented apartment,-15519,-3234,1,0,0,0,Laborers,1.0
5008895,F,N,Y,0,297000.0,Commercial associate,Secondary / secondary special,Single / not married,Rented apartment,-15519,-3234,1,0,0,0,Laborers,1.0
5008896,F,N,Y,0,297000.0,Commercial associate,Secondary / secondary special,Single / not married,Rented apartment,-15519,-3234,1,0,0,0,Laborers,1.0
5008897,F,N,Y,0,297000.0,Commercial associate,Secondary / secondary special,Single / not married,Rented apartment,-15519,-3234,1,0,0,0,Laborers,1.0
5008898,F,N,Y,0,297000.0,Commercial associate,Secondary / secondary special,Single / not married,Rented apartment,-15519,-3234,1,0,0,0,Laborers,1.0
5008899,F,N,Y,0,297000.0,Commercial associate,Secondary / secondary special,Single / not married,Rented apartment,-15519,-3234,1,0,0,0,Laborers,1.0
5008900,F,N,Y,0,297000.0,Commercial associate,Secondary / secondary special,Single / not married,Rented apartment,-15519,-3234,1,0,0,0,Laborers,1.0
5008901,F,N,Y,0,297000.0,Commercial associate,Secondary / secondary special,Single / not married,Rented apartment,-15519,-3234,1,0,0,0,Laborers,1.0
5008902,F,N,Y,0,297000.0,Commercial associate,Secondary / secondary special,Single / not married,Rented apartment,-15519,-3234,1,0,0,0,Laborers,1.0
5008903,F,N,Y,0,297000.0,Commercial associate,Secondary / secondary special,Single / not married,Rented apartment,-15519,-3234,1,0,0,0,Laborers,1.0
5008904,F,N,Y,0,297000.0,Commercial associate,Secondary / secondary special,Single / not married,Rented apartment,-15519,-3234,1,0,0,0,Laborers,1.0
5008905,F,N,Y,0,297000.0,Commercial associate,Secondary / secondary special,Single / not married,Rented apartment,-15519,-3234,1,0,0,0,Laborers,1.0
5008906,F,N,Y,0,297000.0,Commercial associate,Secondary / secondary special,Single / not married,Rented apartment,-15519,-3234,1,0,0,0,Laborers,1.0
5008907,F,N,Y,0,297000.0,Commercial associate,Secondary / secondary special,Single / not married,Rented apartment,-15519,-3234,1,0,0,0,Laborers,1.0
5008908,F,N,Y,0,297000.0,Commercial associate,Secondary / secondary special,Single / not married,Rented apartment,-15519,-3234,1,0,0,0,Laborers,1.0
5008909,F,N,Y,0,297000.0,Commercial associate,Secondary / secondary special,Single / not married,Rented apartment,-15519,-3234,1,0,0,0,Laborers,1.0
5008910,F,N,Y,0,297000.0,Commercial associate,Secondary / secondary special,Single / not married,Rented apartment,-15519,-3234,1,0,0,0,Laborers,1.0
5008911,F,N,Y,0,297000.0,Commercial associate,Secondary / secondary special,Single / not married,Rented apartment,-15519,-3234,1,0,0,0,Laborers,1.0
5008912,F,N,Y,0,297000.0,Commercial associate,Secondary / secondary special,Single / not married,Rented apartment,-15519,-3234,1,0,0,0,Laborers,1.0
5008913,F,N,Y,0,297000.0,Commercial associate,Secondary / secondary special,Single / not married,Rented apartment,-15519,-3234,1,0,0,0,Laborers,1.0
5008914,F,N,Y,0,297000.0,Commercial associate,Secondary / secondary special,Single / not married,Rented apartment,-15519,-3234,1,0,0,0,Laborers,1.0
5008915,F,N,Y,0,297000.0,Commercial associate,Secondary / secondary special,Single / not married,Rented apartment,-15519,-3234,1,0,0,0,Laborers,1.0
5008916,F,N,Y,0,297000.0,Commercial associate,Secondary / secondary special,Single / not married,Rented apartment,-15519,-3234,1,0,0,0,Laborers,1.0
5008917,F,N,Y,0,297000.0,Commercial associate,Secondary / secondary special,Single / not married,Rented apartment,-15519,-3234,1,0,0,0,Laborers,1.0
5008918,F,N,Y,0,297000.0,Commercial associate,Secondary / secondary special,Single / not married,Rented apartment,-15519,-3234,1,0,0,0,Laborers,1.0
5008919,F,N,Y,0,297000.0,Commercial associate,Secondary / secondary special,Single / not married,Rented apartment,-15519,-3234,1,0,0,0,Laborers,1.0
5008920,F,N,Y,0,297000.0,Commercial associate,Secondary / secondary special,Single / not married,Rented apartment,-15519,-3234,1,0,0,0,Laborers,1.0
5008921,F,N,Y,0,297000.0,Commercial associate,Secondary / secondary special,Single / not married,Rented apartment,-15519,-3234,1,0,0,0,Laborers,1.0
5008922,F,N,Y,0,297000.0,Commercial associate,Secondary / secondary special,Single / not married,Rented apartment,-15519,-3234,1,0,0,0,Laborers,1.0
5008923,F,N,Y,0,297000.0,Commercial associate,Secondary / secondary special,Single / not married,Rented apartment,-15519,-3234,1,0,0,0,Laborers,1.0
5008924,F,N,Y,0,297000.0,Commercial associate,Secondary / secondary special,Single / not married,Rented apartment,-15519,-3234,1,0,0,0,Laborers,1.0
5008925,F,N,Y,0,297000.0,Commercial associate,Secondary / secondary special,Single / not married,Rented apartment,-15519,-3234,1,0,0,0,Laborers,1.0
5008926,F,N,Y,0,297000.0,Commercial associate,Secondary / secondary special,Single / not married,Rented apartment,-15519,-3234,1,0,0,0,Laborers,1.0
5008927,F,N,Y,0,297000.0,Commercial associate,Secondary / secondary special,Single / not married,Rented apartment,-15519,-3234,1,0,0,0,Laborers,1.0
5008928,F,N,Y,0,297000.0,Commercial associate,Secondary / secondary special,Single / not married,Rented apartment,-15519,-3234,1,0,0,0,Laborers,1.0
5008929,F,N,Y,0,297000.0,Commercial associate,Secondary / secondary special,Single / not married,Rented apartment,-15519,-3234,1,0,0,0,Laborers,1.0
5008930,F,N,Y,0,297000.0,Commercial associate,Secondary / secondary special,Single / not married,Rented apartment,-15519,-3234,1,0,0,0,Laborers,1.0
5008931,F,N,Y,0,297000.0,Commercial associate,Secondary / secondary special,Single / not married,Rented apartment,-15519,-3234,1,0,0,0,Laborers,1.0
5008932,F,N,Y,0,297000.0,Commercial associate,Secondary / secondary special,Single / not married,Rented apartment,-15519,-3234,1,0,0,0,Laborers,1.0
5008933,F,N,Y,0,297000.0,Commercial associate,Secondary / secondary special,Single / not married,Rented apartment,-15519,-3234,1,0,0,0,Laborers,1.0
5008934,F,N,Y,0,297000.0,Commercial associate,Secondary / secondary special,Single / not married,Rented apartment,-15519,-3234,1,0,0,0,Laborers,1.0
5008935,F,N,Y,0,297000.0,Commercial associate,Secondary / secondary special,Single / not married,Rented apartment,-15519,-3234,1,0,0,0,Laborers,1.0
5008936,F,N,Y,0,297000.0,Commercial associate,Secondary / secondary special,Single / not married,Rented apartment,-15519,-3234,1,0,0,0,Laborers,1.0
5008937,F,N,Y,0,297000.0,Commercial associate,Secondary / secondary special,Single / not married,Rented apartment,-15519,-3234,1,0,0,0,Laborers,1.0
5008938,F,N,Y,0,297000.0,Commercial associate,Secondary / secondary special,Single / not married,Rented apartment,-15519,-3234,1,0,0,0,Laborers,1.0
5008939,F,N,Y,0,297000.0,Commercial associate,Secondary / secondary special,Single / not married,Rented apartment,-15519,-3234,1,0,0,0,Laborers,1.0
5008940,F,N,Y,0,297000.0,Commercial associate,Secondary / secondary special,Single / not married,Rented apartment,-15519,-3234,1,0,0,0,Laborers,1.0
5008941,F,N,Y,0,297000.0,Commercial associate,Secondary / secondary special,Single / not married,Rented apartment,-15519,-3234,1,0,0,0,Laborers,1.0
6153773,F,N,Y,0,297000.0,Commercial associate,Secondary / secondary special,Single / not married,Rented apartment,-15519,-3234,1,0,0,0,Laborers,1.0
6153774,F,N,Y,0,297000.0,Commercial associate,Secondary / secondary special,Single / not married,Rented apartment,-15519,-3234,1,0,0,0,Laborers,1.0
6153775,F,N,Y,0,297000.0,Commercial associate,Secondary / secondary special,Single / not married,Rented apartment,-15519,-3234,1,0,0,0,Laborers,1.0
5008942,F,N,N,0,157500.0,Commercial associate,Higher education,Married,House / apartment,-13642,-4846,1,0,1,0,High skill tech staff,2.0
5008943,F,N,N,0,157500.0,Commercial associate,Higher education,Married,House / apartment,-13642,-4846,1,0,1,0,High skill tech staff,2.0
5008944,F,N,N,0,157500.0,Commercial associate,Higher education,Married,House / apartment,-13642,-4846,1,0,1,0,High skill tech staff,2.0
5008945,F,N,N,0,157500.0,Commercial associate,Higher education,Married,House / apartment,-13642,-4846,1,0,1,0,High skill tech staff,2.0
5008946,F,N,N,0,157500.0,Commercial associate,Higher education,Married,House / apartment,-13642,-4846,1,0,1,0,High skill tech staff,2.0
5008947,M,N,Y,0,135000.0,Working,Secondary / secondary special,Married,House / apartment,-15484,-1408,1,1,1,0,Drivers,2.0
5008948,M,N,Y,0,135000.0,Working,Secondary / secondary special,Married,House / apartment,-15484,-1408,1,1,1,0,Drivers,2.0
5008949,M,N,Y,0,135000.0,Working,Secondary / secondary special,Married,House / apartment,-15484,-1408,1,1,1,0,Drivers,2.0
5008950,M,N,Y,0,135000.0,Working,Secondary / secondary special,Married,House / apartment,-15484,-1408,1,1,1,0,Drivers,2.0
5008951,M,N,Y,1,225000.0,Working,Secondary / secondary special,Married,House / apartment,-10321,-2808,1,0,0,0,,3.0
5008952,M,N,Y,1,225000.0,Working,Secondary / secondary special,Married,House / apartment,-10321,-2808,1,0,0,0,,3.0
5008953,M,N,Y,1,225000.0,Working,Secondary / secondary special,Married,House / apartment,-10321,-2808,1,0,0,0,,3.0
5008954,M,N,Y,1,225000.0,Working,Secondary / secondary special,Married,House / apartment,-10321,-2808,1,0,0,0,,3.0
5008955,F,Y,Y,0,135000.0,Working,Secondary / secondary special,Married,House / apartment,-17785,-1712,1,0,0,0,Laborers,2.0
5008956,F,Y,Y,0,135000.0,Working,Secondary / secondary special,Married,House / apartment,-17785,-1712,1,0,0,0,Laborers,2.0
5008957,F,Y,Y,0,135000.0,Working,Secondary / secondary special,Married,House / apartment,-17785,-1712,1,0,0,0,Laborers,2.0
5008958,F,Y,Y,0,135000.0,Working,Secondary / secondary special,Married,House / apartment,-17785,-1712,1,0,0,0,Laborers,2.0
5008959,F,Y,Y,0,135000.0,Working,Secondary / secondary special,Married,House / apartment,-17785,-1712,1,0,0,0,Laborers,2.0
5008960,F,Y,Y,0,135000.0,Working,Secondary / secondary special,Married,House / apartment,-17785,-1712,1,0,0,0,Laborers,2.0
5008962,F,Y,Y,0,135000.0,Working,Secondary / secondary special,Married,House / apartment,-17785,-1712,1,0,0,0,Laborers,2.0
5008963,F,Y,Y,0,135000.0,Working,Secondary / secondary special,Married,House / apartment,-17785,-1712,1,0,0,0,Laborers,2.0
5008966,M,N,Y,0,157500.0,Working,Secondary / secondary special,Married,House / apartment,-16027,-889,1,0,1,0,,2.0
5008967,M,N,Y,0,157500.0,Working,Secondary / secondary special,Married,House / apartment,-16027,-889,1,0,1,0,,2.0
5008971,M,N,Y,0,157500.0,Working,Secondary / secondary special,Married,House / apartment,-16027,-889,1,0,1,0,,2.0
5008973,M,N,Y,0,157500.0,Working,Secondary / secondary special,Married,House / apartment,-16027,-889,1,0,1,0,,2.0
5008974,F,N,Y,0,112500.0,Pensioner,Secondary / secondary special,Married,House / apartment,-22319,365243,1,0,0,0,,2.0
5008975,F,N,Y,0,112500.0,Pensioner,Secondary / secondary special,Married,House / apartment,-22319,365243,1,0,0,0,,2.0
5008976,F,N,Y,0,112500.0,Pensioner,Secondary / secondary special,Married,House / apartment,-22319,365243,1,0,0,0,,2.0
5008977,F,N,Y,0,112500.0,Pensioner,Secondary / secondary special,Married,House / apartment,-22319,365243,1,0,0,0,,2.0
5008978,F,N,Y,0,112500.0,Pensioner,Secondary / secondary special,Married,House / apartment,-22319,365243,1,0,0,0,,2.0
5008979,F,N,Y,0,112500.0,Pensioner,Secondary / secondary special,Married,House / apartment,-22319,365243,1,0,0,0,,2.0
5008980,F,N,Y,0,112500.0,Pensioner,Secondary / secondary special,Married,House / apartment,-22319,365243,1,0,0,0,,2.0
5008981,M,Y,Y,0,112500.0,State servant,Secondary / secondary special,Married,House / apartment,-20874,-2381,1,0,1,0,Drivers,2.0
5008983,M,Y,Y,0,112500.0,State servant,Secondary / secondary special,Married,House / apartment,-20874,-2381,1,0,1,0,Drivers,2.0
5008984,M,Y,Y,0,112500.0,State servant,Secondary / secondary special,Married,House / apartment,-20874,-2381,1,0,1,0,Drivers,2.0
5008986,M,Y,Y,0,112500.0,State servant,Secondary / secondary special,Married,House / apartment,-20874,-2381,1,0,1,0,Drivers,2.0
5008987,M,Y,Y,0,112500.0,State servant,Secondary / secondary special,Married,House / apartment,-20874,-2381,1,0,1,0,Drivers,2.0
5008988,M,Y,Y,0,112500.0,State servant,Secondary / secondary special,Married,House / apartment,-20874,-2381,1,0,1,0,Drivers,2.0
6153800,M,Y,Y,0,112500.0,State servant,Secondary / secondary special,Married,House / apartment,-20874,-2381,1,0,1,0,Drivers,2.0
5008991,F,Y,Y,0,270000.0,Working,Secondary / secondary special,Separated,House / apartment,-16582,-1194,1,1,1,0,Cleaning staff,1.0
5008992,F,Y,Y,0,270000.0,Working,Secondary / secondary special,Separated,House / apartment,-16582,-1194,1,1,1,0,Cleaning staff,1.0
5008993,F,Y,Y,0,270000.0,Working,Secondary / secondary special,Separated,House / apartment,-16582,-1194,1,1,1,0,Cleaning staff,1.0
5008994,F,Y,Y,0,270000.0,Working,Secondary / secondary special,Separated,House / apartment,-16582,-1194,1,1,1,0,Cleaning staff,1.0
5008995,F,Y,Y,0,270000.0,Working,Secondary / secondary special,Separated,House / apartment,-16582,-1194,1,1,1,0,Cleaning staff,1.0
5112861,F,Y,Y,0,270000.0,Working,Secondary / secondary special,Separated,House / apartment,-16582,-1194,1,1,1,0,Cleaning staff,1.0
6153801,F,Y,Y,0,270000.0,Working,Secondary / secondary special,Separated,House / apartment,-16582,-1194,1,1,1,0,Cleaning staff,1.0
5008998,F,Y,Y,0,270000.0,Working,Higher education,Married,House / apartment,-10628,-828,1,0,0,1,Managers,2.0
5008999,F,Y,Y,0,270000.0,Working,Higher education,Married,House / apartment,-10628,-828,1,0,0,1,Managers,2.0
5009000,M,Y,Y,0,157500.0,Working,Secondary / secondary special,Married,House / apartment,-9927,-828,1,0,0,0,Drivers,2.0
6153549,M,Y,Y,0,157500.0,Working,Secondary / secondary special,Married,House / apartment,-9927,-828,1,0,0,0,Drivers,2.0
5009001,M,N,Y,0,166500.0,Working,Secondary / secondary special,Married,House / apartment,-18926,-6276,1,1,1,0,Laborers,2.0
5009002,M,N,Y,0,166500.0,Working,Secondary / secondary special,Married,House / apartment,-18926,-6276,1,1,1,0,Laborers,2.0
5009005,M,N,Y,0,166500.0,Working,Secondary / secondary special,Married,House / apartment,-18926,-6276,1,1,1,0,Laborers,2.0
5009006,M,N,Y,0,166500.0,Working,Secondary / secondary special,Married,House / apartment,-18926,-6276,1,1,1,0,Laborers,2.0
5009007,M,N,Y,0,166500.0,Working,Secondary / secondary special,Married,House / apartment,-18926,-6276,1,1,1,0,Laborers,2.0
5009008,M,N,Y,0,166500.0,Working,Secondary / secondary special,Married,House / apartment,-18926,-6276,1,1,1,0,Laborers,2.0
5009009,M,N,Y,0,166500.0,Working,Secondary / secondary special,Married,House / apartment,-18926,-6276,1,1,1,0,Laborers,2.0
5009010,M,N,Y,0,166500.0,Working,Secondary / secondary special,Married,House / apartment,-18926,-6276,1,1,1,0,Laborers,2.0
5009012,M,N,Y,0,166500.0,Working,Secondary / secondary special,Married,House / apartment,-18926,-6276,1,1,1,0,Laborers,2.0
5009014,M,N,Y,0,166500.0,Working,Secondary / secondary special,Married,House / apartment,-18926,-6276,1,1,1,0,Laborers,2.0
6153574,M,N,Y,0,166500.0,Working,Secondary / secondary special,Married,House / apartment,-18926,-6276,1,1,1,0,Laborers,2.0
6153575,M,N,Y,0,166500.0,Working,Secondary / secondary special,Married,House / apartment,-18926,-6276,1,1,1,0,Laborers,2.0
6153576,M,N,Y,0,166500.0,Working,Secondary / secondary special,Married,House / apartment,-18926,-6276,1,1,1,0,Laborers,2.0
6153578,M,N,Y,0,166500.0,Working,Secondary / secondary special,Married,House / apartment,-18926,-6276,1,1,1,0,Laborers,2.0
5009016,F,N,Y,2,216000.0,State servant,Higher education,Married,House / apartment,-15444,-3112,1,0,0,1,,4.0
5009018,F,N,Y,2,216000.0,State servant,Higher education,Married,House / apartment,-15444,-3112,1,0,0,1,,4.0
5009019,F,N,Y,2,216000.0,State servant,Higher education,Married,House / apartment,-15444,-3112,1,0,0,1,,4.0
5009020,F,N,Y,2,216000.0,State servant,Higher education,Married,House / apartment,-15444,-3112,1,0,0,1,,4.0
5009022,F,N,Y,2,216000.0,State servant,Higher education,Married,House / apartment,-15444,-3112,1,0,0,1,,4.0
5009023,F,N,Y,2,216000.0,State servant,Higher education,Married,House / apartment,-15444,-3112,1,0,0,1,,4.0
5009024,F,N,Y,2,216000.0,State servant,Higher education,Married,House / apartment,-15444,-3112,1,0,0,1,,4.0
5009025,F,N,Y,2,216000.0,State servant,Higher education,Married,House / apartment,-15444,-3112,1,0,0,1,,4.0
6153579,F,N,Y,2,216000.0,State servant,Higher education,Married,House / apartment,-15444,-3112,1,0,0,1,,4.0
6153580,F,N,Y,2,216000.0,State servant,Higher education,Married,House / apartment,-15444,-3112,1,0,0,1,,4.0
5009027,F,Y,Y,0,270000.0,Commercial associate,Secondary / secondary special,Married,House / apartment,-19861,-10843,1,0,0,1,Laborers,2.0
5112862,F,Y,Y,0,270000.0,Commercial associate,Secondary / secondary special,Married,House / apartment,-19861,-10843,1,0,0,1,Laborers,2.0
5009028,F,Y,Y,0,225000.0,Commercial associate,Secondary / secondary special,Married,House / apartment,-14450,-2777,1,0,0,0,Laborers,2.0
5009029,F,Y,Y,0,225000.0,Commercial associate,Secondary / secondary special,Married,House / apartment,-14450,-2777,1,0,0,0,Laborers,2.0
5009031,F,N,Y,0,315000.0,Working,Secondary / secondary special,Single / not married,House / apartment,-10554,-1194,1,0,0,0,Accountants,1.0
5009032,F,N,Y,0,315000.0,Working,Secondary / secondary special,Single / not married,House / apartment,-10554,-1194,1,0,0,0,Accountants,1.0
6153669,F,N,Y,0,315000.0,Working,Secondary / secondary special,Single / not married,House / apartment,-10554,-1194,1,0,0,0,Accountants,1.0
5009033,F,N,N,0,255150.0,Pensioner,Incomplete higher,Civil marriage,Rented apartment,-18682,365243,1,0,0,0,,2.0
5009034,F,N,N,0,255150.0,Pensioner,Incomplete higher,Civil marriage,Rented apartment,-18682,365243,1,0,0,0,,2.0
5009035,F,N,N,0,255150.0,Pensioner,Incomplete higher,Civil marriage,Rented apartment,-18682,365243,1,0,0,0,,2.0
5009036,F,N,N,0,255150.0,Pensioner,Incomplete higher,Civil marriage,Rented apartment,-18682,365243,1,0,0,0,,2.0
5009037,F,N,N,0,255150.0,Pensioner,Incomplete higher,Civil marriage,Rented apartment,-18682,365243,1,0,0,0,,2.0
5009038,F,N,N,0,255150.0,Pensioner,Incomplete higher,Civil marriage,Rented apartment,-18682,365243,1,0,0,0,,2.0
5009039,F,N,Y,2,157500.0,Working,Secondary / secondary special,Single / not married,House / apartment,-14326,-555,1,0,0,0,Core staff,3.0
5009040,F,N,Y,2,157500.0,Working,Secondary / secondary special,Single / not married,House / apartment,-14326,-555,1,0,0,0,Core staff,3.0
5009042,F,N,Y,0,148500.0,Working,Higher education,Married,House / apartment,-17641,-889,1,0,0,0,Core staff,2.0
5009043,F,N,Y,0,148500.0,Working,Higher education,Married,House / apartment,-17641,-889,1,0,0,0,Core staff,2.0
5009044,F,N,Y,0,148500.0,Working,Higher education,Married,House / apartment,-17641,-889,1,0,0,0,Core staff,2.0
5009045,F,N,Y,0,148500.0,Working,Higher education,Married,House / apartment,-17641,-889,1,0,0,0,Core staff,2.0
5009046,F,N,Y,0,148500.0,Working,Higher education,Married,House / apartment,-17641,-889,1,0,0,0,Core staff,2.0
5009047,F,N,Y,0,148500.0,Working,Higher education,Married,House / apartment,-17641,-889,1,0,0,0,Core staff,2.0
6153693,F,N,Y,0,148500.0,Working,Higher education,Married,House / apartment,-17641,-889,1,0,0,0,Core staff,2.0
5009050,F,N,Y,2,202500.0,Working,Higher education,Married,House / apartment,-10997,-2289,1,0,0,1,Core staff,4.0
5009051,F,N,Y,2,202500.0,Working,Higher education,Married,House / apartment,-10997,-2289,1,0,0,1,Core staff,4.0
5009052,F,N,Y,2,202500.0,Working,Higher education,Married,House / apartment,-10997,-2289,1,0,0,1,Core staff,4.0
5009053,F,N,Y,2,202500.0,Working,Higher education,Married,House / apartment,-10997,-2289,1,0,0,1,Core staff,4.0
5009055,F,N,Y,2,202500.0,Working,Higher education,Married,House / apartment,-10997,-2289,1,0,0,1,Core staff,4.0
5009056,M,N,Y,0,202500.0,Working,Secondary / secondary special,Single / not married,House / apartment,-8861,-889,1,1,0,0,Drivers,1.0
5009057,M,N,Y,0,202500.0,Working,Secondary / secondary special,Single / not married,House / apartment,-8861,-889,1,1,0,0,Drivers,1.0
5009058,F,Y,Y,0,112500.0,Commercial associate,Secondary / secondary special,Single / not married,House / apartment,-7489,-797,1,0,1,1,Private service staff,1.0
5009060,F,N,Y,0,94500.0,Pensioner,Higher education,Married,House / apartment,-22331,365243,1,0,1,0,,2.0
5009062,M,Y,Y,0,315000.0,Working,Secondary / secondary special,Civil marriage,House / apartment,-10450,-2077,1,0,0,0,Sales staff,2.0
5009063,M,Y,Y,0,315000.0,Working,Secondary / secondary special,Civil marriage,House / apartment,-10450,-2077,1,0,0,0,Sales staff,2.0
5009064,M,Y,Y,0,315000.0,Working,Secondary / secondary special,Civil marriage,House / apartment,-10450,-2077,1,0,0,0,Sales staff,2.0
5009065,M,Y,Y,0,315000.0,Working,Secondary / secondary special,Civil marriage,House / apartment,-10450,-2077,1,0,0,0,Sales staff,2.0
5009066,M,Y,Y,0,315000.0,Working,Secondary / secondary special,Civil marriage,House / apartment,-10450,-2077,1,0,0,0,Sales staff,2.0
5009067,M,Y,Y,0,315000.0,Working,Secondary / secondary special,Civil marriage,House / apartment,-10450,-2077,1,0,0,0,Sales staff,2.0
5009068,M,Y,Y,0,315000.0,Working,Secondary / secondary special,Civil marriage,House / apartment,-10450,-2077,1,0,0,0,Sales staff,2.0
5009069,M,Y,Y,0,315000.0,Working,Secondary / secondary special,Civil marriage,House / apartment,-10450,-2077,1,0,0,0,Sales staff,2.0
5009070,M,Y,Y,0,315000.0,Working,Secondary / secondary special,Civil marriage,House / apartment,-10450,-2077,1,0,0,0,Sales staff,2.0
5009071,F,Y,Y,0,270000.0,Commercial associate,Incomplete higher,Civil marriage,Municipal apartment,-10264,-3173,1,0,1,1,High skill tech staff,2.0
5009072,F,Y,Y,0,270000.0,Commercial associate,Incomplete higher,Civil marriage,Municipal apartment,-10264,-3173,1,0,1,1,High skill tech staff,2.0
6153722,F,Y,Y,0,270000.0,Commercial associate,Incomplete higher,Civil marriage,Municipal apartment,-10264,-3173,1,0,1,1,High skill tech staff,2.0
5009074,F,Y,Y,1,450000.0,State servant,Higher education,Married,House / apartment,-17726,-708,1,0,1,1,Core staff,3.0
5009075,F,Y,Y,1,450000.0,State servant,Higher education,Married,House / apartment,-17726,-708,1,0,1,1,Core staff,3.0
5009078,M,N,Y,1,180000.0,Working,Secondary / secondary special,Married,With parents,-14122,-1286,1,0,0,0,Drivers,3.0
5009079,F,N,Y,0,112500.0,Working,Higher education,Civil marriage,House / apartment,-10064,-3173,1,0,0,1,Laborers,2.0
5009080,F,N,Y,0,112500.0,Working,Higher education,Civil marriage,House / apartment,-10064,-3173,1,0,0,1,Laborers,2.0
5009081,F,N,Y,0,112500.0,Working,Higher education,Civil marriage,House / apartment,-10064,-3173,1,0,0,1,Laborers,2.0
5009083,M,N,Y,0,90000.0,Working,Secondary / secondary special,Married,House / apartment,-20531,-5730,1,0,0,0,Drivers,2.0
5009084,M,N,Y,0,90000.0,Working,Secondary / secondary special,Married,House / apartment,-20531,-5730,1,0,0,0,Drivers,2.0
6153724,M,N,Y,0,90000.0,Working,Secondary / secondary special,Married,House / apartment,-20531,-5730,1,0,0,0,Drivers,2.0
6153738,M,N,Y,0,90000.0,Working,Secondary / secondary special,Married,House / apartment,-20531,-5730,1,0,0,0,Drivers,2.0
5009088,M,Y,N,2,202500.0,Commercial associate,Higher education,Married,House / apartment,-14730,-2989,1,0,0,0,Laborers,4.0
5009089,M,Y,N,2,202500.0,Commercial associate,Higher education,Married,House / apartment,-14730,-2989,1,0,0,0,Laborers,4.0
6153739,M,Y,N,2,202500.0,Commercial associate,Higher education,Married,House / apartment,-14730,-2989,1,0,0,0,Laborers,4.0
6153740,M,Y,N,2,202500.0,Commercial associate,Higher education,Married,House / apartment,-14730,-2989,1,0,0,0,Laborers,4.0
5009090,M,Y,Y,0,247500.0,Working,Secondary / secondary special,Married,House / apartment,-12628,-4025,1,0,0,0,Drivers,2.0
5009092,M,Y,Y,1,765000.0,Working,Higher education,Married,House / apartment,-12197,-1194,1,1,0,0,Managers,3.0
5009094,M,Y,Y,1,765000.0,Working,Higher education,Married,House / apartment,-12197,-1194,1,1,0,0,Managers,3.0
5009095,M,Y,Y,1,765000.0,Working,Higher education,Married,House / apartment,-12197,-1194,1,1,0,0,Managers,3.0
6153741,M,Y,Y,1,765000.0,Working,Higher education,Married,House / apartment,-12197,-1194,1,1,0,0,Managers,3.0
5009096,F,N,Y,1,270000.0,Commercial associate,Secondary / secondary special,Married,House / apartment,-13679,-4391,1,0,0,1,Accountants,3.0
5009097,F,N,Y,1,270000.0,Commercial associate,Secondary / secondary special,Married,House / apartment,-13679,-4391,1,0,0,1,Accountants,3.0
5009098,F,N,Y,1,270000.0,Commercial associate,Secondary / secondary special,Married,House / apartment,-13679,-4391,1,0,0,1,Accountants,3.0
5009099,F,N,Y,0,315000.0,Working,Higher education,Separated,House / apartment,-13271,-555,1,0,0,0,Managers,1.0
5009100,F,N,Y,0,315000.0,Working,Higher education,Separated,House / apartment,-13271,-555,1,0,0,0,Managers,1.0
5009103,M,Y,Y,2,157500.0,Working,Secondary / secondary special,Married,With parents,-12859,-4056,1,0,1,0,Drivers,4.0
5009104,M,Y,Y,2,157500.0,Working,Secondary / secondary special,Married,With parents,-12859,-4056,1,0,1,0,Drivers,4.0
5009105,M,Y,Y,2,157500.0,Working,Secondary / secondary special,Married,With parents,-12859,-4056,1,0,1,0,Drivers,4.0
5009106,M,Y,Y,2,157500.0,Working,Secondary / secondary special,Married,With parents,-12859,-4056,1,0,1,0,Drivers,4.0
5112876,M,Y,Y,2,157500.0,Working,Secondary / secondary special,Married,With parents,-12859,-4056,1,0,1,0,Drivers,4.0
5009108,M,N,Y,0,360000.0,Commercial associate,Secondary / secondary special,Married,House / apartment,-15321,-2747,1,0,0,0,Security staff,2.0
5009109,M,N,Y,0,360000.0,Commercial associate,Secondary / secondary special,Married,House / apartment,-15321,-2747,1,0,0,0,Security staff,2.0
5009110,F,N,Y,0,112500.0,Commercial associate,Higher education,Married,House / apartment,-8842,-312,1,0,0,1,High skill tech staff,2.0
5009116,F,N,N,0,157500.0,Commercial associate,Higher education,Separated,With parents,-15737,-432,1,0,0,0,,1.0
5009117,F,N,N,0,157500.0,Commercial associate,Higher education,Separated,With parents,-15737,-432,1,0,0,0,,1.0
5009118,F,N,N,0,157500.0,Commercial associate,Higher education,Separated,With parents,-15737,-432,1,0,0,0,,1.0
5009120,F,N,N,0,157500.0,Commercial associate,Higher education,Separated,With parents,-15737,-432,1,0,0,0,,1.0
5009122,F,N,N,0,157500.0,Commercial associate,Higher education,Separated,With parents,-15737,-432,1,0,0,0,,1.0
5009123,F,N,N,0,157500.0,Commercial associate,Higher education,Separated,With parents,-15737,-432,1,0,0,0,,1.0
5009124,F,N,N,0,157500.0,Commercial associate,Higher education,Separated,With parents,-15737,-432,1,0,0,0,,1.0
5009125,F,N,N,0,157500.0,Commercial associate,Higher education,Separated,With parents,-15737,-432,1,0,0,0,,1.0
5009126,F,N,N,0,157500.0,Commercial associate,Higher education,Separated,With parents,-15737,-432,1,0,0,0,,1.0
5009127,F,N,N,0,157500.0,Commercial associate,Higher education,Separated,With parents,-15737,-432,1,0,0,0,,1.0
5009128,F,N,N,0,157500.0,Commercial associate,Higher education,Separated,With parents,-15737,-432,1,0,0,0,,1.0
5009129,F,N,N,0,157500.0,Commercial associate,Higher education,Separated,With parents,-15737,-432,1,0,0,0,,1.0
5009130,F,N,N,0,157500.0,Commercial associate,Higher education,Separated,With parents,-15737,-432,1,0,0,0,,1.0
5009131,F,N,N,0,157500.0,Commercial associate,Higher education,Separated,With parents,-15737,-432,1,0,0,0,,1.0
6153757,F,N,N,0,157500.0,Commercial associate,Higher education,Separated,With parents,-15737,-432,1,0,0,0,,1.0
5009133,M,N,Y,0,382500.0,Pensioner,Secondary / secondary special,Widow,House / apartment,-21673,365243,1,0,0,0,,1.0
5009134,M,N,Y,0,382500.0,Pensioner,Secondary / secondary special,Widow,House / apartment,-21673,365243,1,0,0,0,,1.0
5009135,M,N,Y,0,382500.0,Pensioner,Secondary / secondary special,Widow,House / apartment,-21673,365243,1,0,0,0,,1.0
5009136,M,N,Y,0,382500.0,Pensioner,Secondary / secondary special,Widow,House / apartment,-21673,365243,1,0,0,0,,1.0
5009137,M,N,Y,0,382500.0,Pensioner,Secondary / secondary special,Widow,House / apartment,-21673,365243,1,0,0,0,,1.0
5009138,M,N,Y,0,382500.0,Pensioner,Secondary / secondary special,Widow,House / apartment,-21673,365243,1,0,0,0,,1.0
5009139,M,N,Y,0,382500.0,Pensioner,Secondary / secondary special,Widow,House / apartment,-21673,365243,1,0,0,0,,1.0
5009140,M,N,Y,0,382500.0,Pensioner,Secondary / secondary special,Widow,House / apartment,-21673,365243,1,0,0,0,,1.0
5009141,F,N,N,0,135000.0,Working,Secondary / secondary special,Civil marriage,House / apartment,-9657,-1560,1,1,1,0,Managers,2.0
5009142,F,N,N,0,135000.0,Working,Secondary / secondary special,Civil marriage,House / apartment,-9657,-1560,1,1,1,0,Managers,2.0
5009143,M,Y,N,0,225000.0,Pensioner,Secondary / secondary special,Civil marriage,House / apartment,-18289,365243,1,0,0,0,,2.0
5009144,M,Y,N,0,225000.0,Pensioner,Secondary / secondary special,Civil marriage,House / apartment,-18289,365243,1,0,0,0,,2.0
5009145,M,Y,N,0,315000.0,Working,Higher education,Married,House / apartment,-15825,-3720,1,1,1,0,Managers,2.0
5009146,M,Y,N,0,315000.0,Working,Higher education,Married,House / apartment,-15825,-3720,1,1,1,0,Managers,2.0
5009147,M,Y,N,0,315000.0,Working,Higher education,Married,House / apartment,-15825,-3720,1,1,1,0,Managers,2.0
5009149,M,Y,N,0,315000.0,Working,Higher education,Married,House / apartment,-15825,-3720,1,1,1,0,Managers,2.0
5009150,M,Y,N,0,315000.0,Working,Higher education,Married,House / apartment,-15825,-3720,1,1,1,0,Managers,2.0
6153802,M,Y,N,0,315000.0,Working,Higher education,Married,House / apartment,-15825,-3720,1,1,1,0,Managers,2.0
6153803,M,Y,N,0,315000.0,Working,Higher education,Married,House / apartment,-15825,-3720,1,1,1,0,Managers,2.0
5009151,F,N,N,0,180000.0,Working,Secondary / secondary special,Married,House / apartment,-19575,-2901,1,0,0,0,Sales staff,2.0
5009152,F,N,N,0,180000.0,Working,Secondary / secondary special,Married,House / apartment,-19575,-2901,1,0,0,0,Sales staff,2.0
5009153,F,N,N,0,180000.0,Working,Secondary / secondary special,Married,House / apartment,-19575,-2901,1,0,0,0,Sales staff,2.0
5009154,F,N,N,0,180000.0,Working,Secondary / secondary special,Married,House / apartment,-19575,-2901,1,0,0,0,Sales staff,2.0
5009155,F,N,N,0,180000.0,Working,Secondary / secondary special,Married,House / apartment,-19575,-2901,1,0,0,0,Sales staff,2.0
5009156,F,N,N,0,180000.0,Working,Secondary / secondary special,Married,House / apartment,-19575,-2901,1,0,0,0,Sales staff,2.0
5009157,F,N,N,0,180000.0,Working,Secondary / secondary special,Married,House / apartment,-19575,-2901,1,0,0,0,Sales staff,2.0
5009158,F,N,N,0,180000.0,Working,Secondary / secondary special,Married,House / apartment,-19575,-2901,1,0,0,0,Sales staff,2.0
5009159,F,N,N,0,180000.0,Working,Secondary / secondary special,Married,House / apartment,-19575,-2901,1,0,0,0,Sales staff,2.0
5009160,F,N,N,0,180000.0,Working,Secondary / secondary special,Married,House / apartment,-19575,-2901,1,0,0,0,Sales staff,2.0
5009161,F,N,N,0,180000.0,Working,Secondary / secondary special,Married,House / apartment,-19575,-2901,1,0,0,0,Sales staff,2.0
5009162,F,N,N,0,180000.0,Working,Secondary / secondary special,Married,House / apartment,-19575,-2901,1,0,0,0,Sales staff,2.0
5009163,F,N,N,0,157500.0,Working,Secondary / secondary special,Married,House / apartment,-12915,-3174,1,0,1,0,Sales staff,2.0
5009164,F,N,N,0,157500.0,Working,Secondary / secondary special,Married,House / apartment,-12915,-3174,1,0,1,0,Sales staff,2.0
5009165,F,N,N,0,157500.0,Working,Secondary / secondary special,Married,House / apartment,-12915,-3174,1,0,1,0,Sales staff,2.0
5009166,F,N,N,0,157500.0,Working,Secondary / secondary special,Married,House / apartment,-12915,-3174,1,0,1,0,Sales staff,2.0
5009168,F,N,N,0,157500.0,Working,Secondary / secondary special,Married,House / apartment,-12915,-3174,1,0,1,0,Sales staff,2.0
6153804,F,N,N,0,157500.0,Working,Secondary / secondary special,Married,House / apartment,-12915,-3174,1,0,1,0,Sales staff,2.0
5009170,F,Y,N,0,144000.0,Pensioner,Secondary / secondary special,Married,House / apartment,-22877,365243,1,0,1,1,,2.0
5009177,M,Y,N,0,229500.0,Working,Incomplete higher,Married,Co-op apartment,-18325,-1256,1,0,0,0,Laborers,2.0
5009178,M,Y,N,0,229500.0,Working,Incomplete higher,Married,Co-op apartment,-18325,-1256,1,0,0,0,Laborers,2.0
5009179,M,Y,N,0,229500.0,Working,Incomplete higher,Married,Co-op apartment,-18325,-1256,1,0,0,0,Laborers,2.0
5009180,M,Y,N,0,229500.0,Working,Incomplete higher,Married,Co-op apartment,-18325,-1256,1,0,0,0,Laborers,2.0
5009181,M,Y,N,0,229500.0,Working,Incomplete higher,Married,Co-op apartment,-18325,-1256,1,0,0,0,Laborers,2.0
5009182,M,Y,N,0,229500.0,Working,Incomplete higher,Married,Co-op apartment,-18325,-1256,1,0,0,0,Laborers,2.0
5009183,M,Y,N,0,229500.0,Working,Incomplete higher,Married,Co-op apartment,-18325,-1256,1,0,0,0,Laborers,2.0
6153806,M,Y,N,0,229500.0,Working,Incomplete higher,Married,Co-op apartment,-18325,-1256,1,0,0,0,Laborers,2.0
5009186,F,N,N,0,270000.0,Working,Higher education,Married,House / apartment,-17573,-5792,1,1,1,0,Managers,2.0
5009187,F,N,N,0,270000.0,Working,Higher education,Married,House / apartment,-17573,-5792,1,1,1,0,Managers,2.0
5009188,F,N,N,0,270000.0,Working,Higher education,Married,House / apartment,-17573,-5792,1,1,1,0,Managers,2.0
5009189,F,N,N,0,270000.0,Working,Higher education,Married,House / apartment,-17573,-5792,1,1,1,0,Managers,2.0
5009190,F,N,N,0,270000.0,Working,Higher education,Married,House / apartment,-17573,-5792,1,1,1,0,Managers,2.0
5009191,F,N,N,0,270000.0,Working,Higher education,Married,House / apartment,-17573,-5792,1,1,1,0,Managers,2.0
5009192,F,N,N,0,270000.0,Working,Higher education,Married,House / apartment,-17573,-5792,1,1,1,0,Managers,2.0
5009193,F,N,N,0,270000.0,Working,Higher education,Married,House / apartment,-17573,-5792,1,1,1,0,Managers,2.0
5009195,F,N,N,0,292500.0,State servant,Secondary / secondary special,Married,House / apartment,-20953,-8684,1,1,1,0,Accountants,2.0
5009196,F,N,N,0,292500.0,State servant,Secondary / secondary special,Married,House / apartment,-20953,-8684,1,1,1,0,Accountants,2.0
5009198,F,N,N,0,292500.0,State servant,Secondary / secondary special,Married,House / apartment,-20953,-8684,1,1,1,0,Accountants,2.0
5009201,F,N,N,0,292500.0,State servant,Secondary / secondary special,Married,House / apartment,-20953,-8684,1,1,1,0,Accountants,2.0
5009202,F,N,N,0,292500.0,State servant,Secondary / secondary special,Married,House / apartment,-20953,-8684,1,1,1,0,Accountants,2.0
5009203,F,N,N,0,292500.0,State servant,Secondary / secondary special,Married,House / apartment,-20953,-8684,1,1,1,0,Accountants,2.0
5009204,F,N,N,0,292500.0,State servant,Secondary / secondary special,Married,House / apartment,-20953,-8684,1,1,1,0,Accountants,2.0
5009205,F,N,N,0,292500.0,State servant,Secondary / secondary special,Married,House / apartment,-20953,-8684,1,1,1,0,Accountants,2.0
5009206,F,N,N,0,292500.0,State servant,Secondary / secondary special,Married,House / apartment,-20953,-8684,1,1,1,0,Accountants,2.0
5009207,F,N,N,0,292500.0,State servant,Secondary / secondary special,Married,House / apartment,-20953,-8684,1,1,1,0,Accountants,2.0
5009208,F,N,N,0,292500.0,State servant,Secondary / secondary special,Married,House / apartment,-20953,-8684,1,1,1,0,Accountants,2.0
5009209,F,N,N,0,292500.0,State servant,Secondary / secondary special,Married,House / apartment,-20953,-8684,1,1,1,0,Accountants,2.0
5009210,F,N,N,0,292500.0,State servant,Secondary / secondary special,Married,House / apartment,-20953,-8684,1,1,1,0,Accountants,2.0
6153808,F,N,N,0,292500.0,State servant,Secondary / secondary special,Married,House / apartment,-20953,-8684,1,1,1,0,Accountants,2.0
6153809,F,N,N,0,292500.0,State servant,Secondary / secondary special,Married,House / apartment,-20953,-8684,1,1,1,0,Accountants,2.0
5009213,F,N,N,0,270000.0,Working,Higher education,Married,House / apartment,-12333,-860,1,1,1,0,Accountants,2.0
5009215,F,N,N,0,270000.0,Working,Higher education,Married,House / apartment,-12333,-860,1,1,1,0,Accountants,2.0
5009216,F,N,N,0,270000.0,Working,Higher education,Married,House / apartment,-12333,-860,1,1,1,0,Accountants,2.0
5009217,F,N,N,0,270000.0,Working,Higher education,Married,House / apartment,-12333,-860,1,1,1,0,Accountants,2.0
6153550,F,N,N,0,270000.0,Working,Higher education,Married,House / apartment,-12333,-860,1,1,1,0,Accountants,2.0
6153551,F,N,N,0,270000.0,Working,Higher education,Married,House / apartment,-12333,-860,1,1,1,0,Accountants,2.0
5009220,F,Y,N,0,225000.0,Working,Secondary / secondary special,Married,House / apartment,-14667,-798,1,1,0,0,Managers,2.0
5009222,F,Y,N,0,225000.0,Working,Secondary / secondary special,Married,House / apartment,-14667,-798,1,1,0,0,Managers,2.0
5009223,F,Y,N,0,225000.0,Working,Secondary / secondary special,Married,House / apartment,-14667,-798,1,1,0,0,Managers,2.0
5009224,F,Y,N,0,225000.0,Working,Secondary / secondary special,Married,House / apartment,-14667,-798,1,1,0,0,Managers,2.0
5009225,F,Y,N,0,225000.0,Working,Secondary / secondary special,Married,House / apartment,-14667,-798,1,1,0,0,Managers,2.0
5009226,F,Y,N,0,225000.0,Working,Secondary / secondary special,Married,House / apartment,-14667,-798,1,1,0,0,Managers,2.0
5009227,F,Y,N,0,225000.0,Working,Secondary / secondary special,Married,House / apartment,-14667,-798,1,1,0,0,Managers,2.0
5009232,F,Y,N,0,225000.0,Working,Secondary / secondary special,Married,House / apartment,-14667,-798,1,1,0,0,Managers,2.0
5009233,F,Y,N,0,225000.0,Working,Secondary / secondary special,Married,House / apartment,-14667,-798,1,1,0,0,Managers,2.0
5009234,F,Y,N,0,225000.0,Working,Secondary / secondary special,Married,House / apartment,-14667,-798,1,1,0,0,Managers,2.0
5009236,F,Y,N,0,225000.0,Working,Secondary / secondary special,Married,House / apartment,-14667,-798,1,1,0,0,Managers,2.0
6153552,F,Y,N,0,225000.0,Working,Secondary / secondary special,Married,House / apartment,-14667,-798,1,1,0,0,Managers,2.0
6153554,F,Y,N,0,225000.0,Working,Secondary / secondary special,Married,House / apartment,-14667,-798,1,1,0,0,Managers,2.0
6153555,F,Y,N,0,225000.0,Working,Secondary / secondary special,Married,House / apartment,-14667,-798,1,1,0,0,Managers,2.0
5009238,M,Y,N,0,157500.0,Working,Incomplete higher,Married,With parents,-10611,-982,1,0,1,0,Drivers,2.0
5009239,M,Y,N,0,157500.0,Working,Incomplete higher,Married,With parents,-10611,-982,1,0,1,0,Drivers,2.0
5009240,M,Y,N,0,157500.0,Working,Incomplete higher,Married,With parents,-10611,-982,1,0,1,0,Drivers,2.0
5009241,M,Y,N,0,157500.0,Working,Incomplete higher,Married,With parents,-10611,-982,1,0,1,0,Drivers,2.0
6153556,M,Y,N,0,157500.0,Working,Incomplete higher,Married,With parents,-10611,-982,1,0,1,0,Drivers,2.0
5009242,F,N,N,0,74250.0,Working,Higher education,Separated,Municipal apartment,-19082,-5243,1,0,1,0,Core staff,1.0
5009243,F,N,N,0,74250.0,Working,Higher education,Separated,Municipal apartment,-19082,-5243,1,0,1,0,Core staff,1.0
5009244,F,N,N,0,74250.0,Working,Higher education,Separated,Municipal apartment,-19082,-5243,1,0,1,0,Core staff,1.0
5009246,F,N,N,0,135000.0,Commercial associate,Secondary / secondary special,Married,House / apartment,-14201,-2139,1,0,1,0,,2.0
5009247,F,N,N,0,135000.0,Commercial associate,Secondary / secondary special,Married,House / apartment,-14201,-2139,1,0,1,0,,2.0
5009248,F,N,N,0,135000.0,Commercial associate,Secondary / secondary special,Married,House / apartment,-14201,-2139,1,0,1,0,,2.0
5009249,M,Y,N,1,135000.0,Working,Secondary / secondary special,Married,House / apartment,-9957,-921,1,1,0,0,Drivers,3.0
5009250,M,Y,N,1,135000.0,Working,Secondary / secondary special,Married,House / apartment,-9957,-921,1,1,0,0,Drivers,3.0
5009251,M,Y,N,1,135000.0,Working,Secondary / secondary special,Married,House / apartment,-9957,-921,1,1,0,0,Drivers,3.0
5009252,M,Y,N,1,135000.0,Working,Secondary / secondary special,Married,House / apartment,-9957,-921,1,1,0,0,Drivers,3.0
5009253,M,Y,N,1,135000.0,Working,Secondary / secondary special,Married,House / apartment,-9957,-921,1,1,0,0,Drivers,3.0
6153557,M,Y,N,1,135000.0,Working,Secondary / secondary special,Married,House / apartment,-9957,-921,1,1,0,0,Drivers,3.0
5009255,F,N,N,0,144000.0,Working,Secondary / secondary special,Single / not married,House / apartment,-15970,-8987,1,0,0,0,Cleaning staff,1.0
5009257,F,N,N,0,144000.0,Working,Secondary / secondary special,Single / not married,House / apartment,-15970,-8987,1,0,0,0,Cleaning staff,1.0
5009258,F,N,N,0,144000.0,Working,Secondary / secondary special,Single / not married,House / apartment,-15970,-8987,1,0,0,0,Cleaning staff,1.0
5009260,F,N,N,0,202500.0,State servant,Higher education,Married,With parents,-14562,-1287,1,0,1,0,Core staff,2.0
5009261,F,N,N,0,202500.0,State servant,Higher education,Married,With parents,-14562,-1287,1,0,1,0,Core staff,2.0
5009262,F,N,N,0,202500.0,State servant,Higher education,Married,With parents,-14562,-1287,1,0,1,0,Core staff,2.0
5009263,F,N,N,0,202500.0,State servant,Higher education,Married,With parents,-14562,-1287,1,0,1,0,Core staff,2.0
6153558,F,N,N,0,202500.0,State servant,Higher education,Married,With parents,-14562,-1287,1,0,1,0,Core staff,2.0
5009264,F,N,N,0,40500.0,Pensioner,Secondary / secondary special,Single / not married,House / apartment,-21091,365243,1,0,0,0,,1.0
5009265,M,Y,N,0,337500.0,State servant,Higher education,Married,With parents,-10266,-1652,1,1,1,0,Managers,2.0
5009266,M,Y,N,0,337500.0,State servant,Higher education,Married,With parents,-10266,-1652,1,1,1,0,Managers,2.0
5009267,M,Y,N,0,337500.0,State servant,Higher education,Married,With parents,-10266,-1652,1,1,1,0,Managers,2.0
5009268,M,Y,N,0,337500.0,State servant,Higher education,Married,With parents,-10266,-1652,1,1,1,0,Managers,2.0
5009269,M,Y,N,0,337500.0,State servant,Higher education,Married,With parents,-10266,-1652,1,1,1,0,Managers,2.0
5009270,M,N,N,0,180000.0,Commercial associate,Secondary / secondary special,Married,Municipal apartment,-14781,-2443,1,0,1,0,Laborers,2.0
5009271,M,N,N,0,180000.0,Commercial associate,Secondary / secondary special,Married,Municipal apartment,-14781,-2443,1,0,1,0,Laborers,2.0
5009272,M,N,N,0,180000.0,Commercial associate,Secondary / secondary special,Married,Municipal apartment,-14781,-2443,1,0,1,0,Laborers,2.0
5009274,M,N,N,0,180000.0,Commercial associate,Secondary / secondary special,Married,Municipal apartment,-14781,-2443,1,0,1,0,Laborers,2.0
5009275,M,N,N,0,180000.0,Commercial associate,Secondary / secondary special,Married,Municipal apartment,-14781,-2443,1,0,1,0,Laborers,2.0
5009276,M,N,N,0,180000.0,Commercial associate,Secondary / secondary special,Married,Municipal apartment,-14781,-2443,1,0,1,0,Laborers,2.0
5009277,M,N,N,0,180000.0,Commercial associate,Secondary / secondary special,Married,Municipal apartment,-14781,-2443,1,0,1,0,Laborers,2.0
5009278,F,N,N,0,130500.0,Working,Secondary / secondary special,Civil marriage,House / apartment,-15140,-4816,1,0,1,0,Cleaning staff,2.0
5009279,F,N,N,0,130500.0,Working,Secondary / secondary special,Civil marriage,House / apartment,-15140,-4816,1,0,1,0,Cleaning staff,2.0
5009280,F,N,N,0,130500.0,Working,Secondary / secondary special,Civil marriage,House / apartment,-15140,-4816,1,0,1,0,Cleaning staff,2.0
5009281,F,N,N,0,130500.0,Working,Secondary / secondary special,Civil marriage,House / apartment,-15140,-4816,1,0,1,0,Cleaning staff,2.0
5009284,F,N,N,0,130500.0,Working,Secondary / secondary special,Civil marriage,House / apartment,-15140,-4816,1,0,1,0,Cleaning staff,2.0
5009285,F,N,N,0,130500.0,Working,Secondary / secondary special,Civil marriage,House / apartment,-15140,-4816,1,0,1,0,Cleaning staff,2.0
5009286,F,N,N,0,130500.0,Working,Secondary / secondary special,Civil marriage,House / apartment,-15140,-4816,1,0,1,0,Cleaning staff,2.0
5009287,F,N,N,0,130500.0,Working,Secondary / secondary special,Civil marriage,House / apartment,-15140,-4816,1,0,1,0,Cleaning staff,2.0
5009289,F,N,N,0,130500.0,Working,Secondary / secondary special,Civil marriage,House / apartment,-15140,-4816,1,0,1,0,Cleaning staff,2.0
5009290,F,N,N,0,130500.0,Working,Secondary / secondary special,Civil marriage,House / apartment,-15140,-4816,1,0,1,0,Cleaning staff,2.0
5009291,F,N,N,0,130500.0,Working,Secondary / secondary special,Civil marriage,House / apartment,-15140,-4816,1,0,1,0,Cleaning staff,2.0
5009292,F,N,N,0,130500.0,Working,Secondary / secondary special,Civil marriage,House / apartment,-15140,-4816,1,0,1,0,Cleaning staff,2.0
5009293,F,N,N,0,130500.0,Working,Secondary / secondary special,Civil marriage,House / apartment,-15140,-4816,1,0,1,0,Cleaning staff,2.0
5009294,F,N,N,0,130500.0,Working,Secondary / secondary special,Civil marriage,House / apartment,-15140,-4816,1,0,1,0,Cleaning staff,2.0
5009295,F,N,N,0,144000.0,Pensioner,Secondary / secondary special,Married,House / apartment,-21041,365243,1,0,1,0,,2.0
5009296,F,N,N,0,144000.0,Pensioner,Secondary / secondary special,Married,House / apartment,-21041,365243,1,0,1,0,,2.0
5009297,F,N,N,0,193500.0,Working,Secondary / secondary special,Single / not married,Municipal apartment,-16099,-1866,1,0,1,0,Laborers,1.0
5009299,F,N,N,0,193500.0,Working,Secondary / secondary special,Single / not married,Municipal apartment,-16099,-1866,1,0,1,0,Laborers,1.0
5009300,F,N,N,0,193500.0,Working,Secondary / secondary special,Single / not married,Municipal apartment,-16099,-1866,1,0,1,0,Laborers,1.0
5009301,F,N,N,0,193500.0,Working,Secondary / secondary special,Single / not married,Municipal apartment,-16099,-1866,1,0,1,0,Laborers,1.0
6153561,F,N,N,0,193500.0,Working,Secondary / secondary special,Single / not married,Municipal apartment,-16099,-1866,1,0,1,0,Laborers,1.0
5009302,F,N,N,0,112500.0,Pensioner,Secondary / secondary special,Widow,House / apartment,-22061,365243,1,0,0,0,,1.0
5009303,F,N,N,0,112500.0,Pensioner,Secondary / secondary special,Widow,House / apartment,-22061,365243,1,0,0,0,,1.0
5009304,F,N,N,0,112500.0,Pensioner,Secondary / secondary special,Widow,House / apartment,-22061,365243,1,0,0,0,,1.0
5009305,F,N,N,0,112500.0,Pensioner,Secondary / secondary special,Widow,House / apartment,-22061,365243,1,0,0,0,,1.0
5009306,F,Y,N,0,135000.0,Pensioner,Secondary / secondary special,Married,House / apartment,-20140,365243,1,0,1,1,,2.0
5009307,F,Y,N,0,135000.0,Pensioner,Secondary / secondary special,Married,House / apartment,-20140,365243,1,0,1,1,,2.0
5009308,F,Y,N,0,135000.0,Pensioner,Secondary / secondary special,Married,House / apartment,-20140,365243,1,0,1,1,,2.0
5009309,F,Y,N,0,135000.0,Pensioner,Secondary / secondary special,Married,House / apartment,-20140,365243,1,0,1,1,,2.0
5009310,F,Y,N,0,135000.0,Pensioner,Secondary / secondary special,Married,House / apartment,-20140,365243,1,0,1,1,,2.0
5009311,F,Y,N,0,135000.0,Pensioner,Secondary / secondary special,Married,House / apartment,-20140,365243,1,0,1,1,,2.0
5009312,F,Y,N,0,135000.0,Pensioner,Secondary / secondary special,Married,House / apartment,-20140,365243,1,0,1,1,,2.0
5009313,F,Y,N,0,135000.0,Pensioner,Secondary / secondary special,Married,House / apartment,-20140,365243,1,0,1,1,,2.0
5009314,F,Y,N,0,135000.0,Pensioner,Secondary / secondary special,Married,House / apartment,-20140,365243,1,0,1,1,,2.0
5009315,F,Y,N,0,135000.0,Pensioner,Secondary / secondary special,Married,House / apartment,-20140,365243,1,0,1,1,,2.0
5009316,F,Y,N,0,135000.0,Pensioner,Secondary / secondary special,Married,House / apartment,-20140,365243,1,0,1,1,,2.0
5009317,F,Y,N,0,135000.0,Pensioner,Secondary / secondary special,Married,House / apartment,-20140,365243,1,0,1,1,,2.0
5009318,F,Y,N,0,135000.0,Pensioner,Secondary / secondary special,Married,House / apartment,-20140,365243,1,0,1,1,,2.0
5009319,F,Y,N,0,135000.0,Pensioner,Secondary / secondary special,Married,House / apartment,-20140,365243,1,0,1,1,,2.0
5009325,M,Y,N,0,267750.0,Working,Higher education,Married,House / apartment,-20991,-4727,1,0,1,0,Laborers,2.0
5009327,M,Y,N,0,267750.0,Working,Higher education,Married,House / apartment,-20991,-4727,1,0,1,0,Laborers,2.0
5009328,M,Y,N,0,267750.0,Working,Higher education,Married,House / apartment,-20991,-4727,1,0,1,0,Laborers,2.0
5009329,M,Y,N,0,267750.0,Working,Higher education,Married,House / apartment,-20991,-4727,1,0,1,0,Laborers,2.0
5009330,M,Y,N,0,267750.0,Working,Higher education,Married,House / apartment,-20991,-4727,1,0,1,0,Laborers,2.0
5009331,M,Y,N,0,267750.0,Working,Higher education,Married,House / apartment,-20991,-4727,1,0,1,0,Laborers,2.0
5009332,M,Y,N,0,267750.0,Working,Higher education,Married,House / apartment,-20991,-4727,1,0,1,0,Laborers,2.0
5009333,M,Y,N,0,267750.0,Working,Higher education,Married,House / apartment,-20991,-4727,1,0,1,0,Laborers,2.0
5009335,F,N,N,0,139500.0,Working,Higher education,Separated,House / apartment,-16203,-7100,1,0,0,0,Managers,1.0
5009336,F,N,N,0,139500.0,Working,Higher education,Separated,House / apartment,-16203,-7100,1,0,0,0,Managers,1.0
5009337,F,N,N,0,139500.0,Working,Higher education,Separated,House / apartment,-16203,-7100,1,0,0,0,Managers,1.0
6153581,F,N,N,0,139500.0,Working,Higher education,Separated,House / apartment,-16203,-7100,1,0,0,0,Managers,1.0
5009338,M,N,N,0,67500.0,Working,Secondary / secondary special,Married,House / apartment,-18674,-5304,1,1,1,0,Security staff,2.0
5009339,M,N,N,0,67500.0,Working,Secondary / secondary special,Married,House / apartment,-18674,-5304,1,1,1,0,Security staff,2.0
5009340,M,Y,N,0,252000.0,Working,Secondary / secondary special,Married,House / apartment,-10750,-2443,1,0,0,0,High skill tech staff,2.0
5009341,M,Y,N,0,252000.0,Working,Secondary / secondary special,Married,House / apartment,-10750,-2443,1,0,0,0,High skill tech staff,2.0
5009342,M,Y,N,0,252000.0,Working,Secondary / secondary special,Married,House / apartment,-10750,-2443,1,0,0,0,High skill tech staff,2.0
5009343,M,Y,N,0,252000.0,Working,Secondary / secondary special,Married,House / apartment,-10750,-2443,1,0,0,0,High skill tech staff,2.0
5009344,M,Y,N,0,252000.0,Working,Secondary / secondary special,Married,House / apartment,-10750,-2443,1,0,0,0,High skill tech staff,2.0
5009345,M,Y,N,0,252000.0,Working,Secondary / secondary special,Married,House / apartment,-10750,-2443,1,0,0,0,High skill tech staff,2.0
5009346,M,Y,N,0,252000.0,Working,Secondary / secondary special,Married,House / apartment,-10750,-2443,1,0,0,0,High skill tech staff,2.0
5009349,M,N,N,0,180000.0,Commercial associate,Lower secondary,Married,House / apartment,-21155,-130,1,0,1,0,Drivers,2.0
5009354,M,N,N,0,180000.0,Commercial associate,Lower secondary,Married,House / apartment,-21155,-130,1,0,1,0,Drivers,2.0
6153582,M,N,N,0,180000.0,Commercial associate,Lower secondary,Married,House / apartment,-21155,-130,1,0,1,0,Drivers,2.0
6153584,M,N,N,0,180000.0,Commercial associate,Lower secondary,Married,House / apartment,-21155,-130,1,0,1,0,Drivers,2.0
5009355,F,N,N,0,135000.0,Commercial associate,Secondary / secondary special,Married,House / apartment,-19692,-5273,1,1,1,0,Laborers,2.0
5009358,F,N,N,0,135000.0,Commercial associate,Secondary / secondary special,Married,House / apartment,-19692,-5273,1,1,1,0,Laborers,2.0
5009359,F,Y,N,0,900000.0,Working,Higher education,Single / not married,House / apartment,-19063,-7404,1,0,0,0,Managers,1.0
5009360,F,Y,N,0,900000.0,Working,Higher education,Single / not married,House / apartment,-19063,-7404,1,0,0,0,Managers,1.0
5009361,M,Y,N,0,180000.0,Commercial associate,Higher education,Civil marriage,House / apartment,-14867,-586,1,1,0,0,Drivers,2.0
5009362,M,Y,N,0,180000.0,Commercial associate,Higher education,Civil marriage,House / apartment,-14867,-586,1,1,0,0,Drivers,2.0
5009363,M,Y,N,0,180000.0,Commercial associate,Higher education,Civil marriage,House / apartment,-14867,-586,1,1,0,0,Drivers,2.0
5009364,M,Y,N,0,180000.0,Commercial associate,Higher education,Civil marriage,House / apartment,-14867,-586,1,1,0,0,Drivers,2.0
5009365,M,Y,N,0,180000.0,Commercial associate,Higher education,Civil marriage,House / apartment,-14867,-586,1,1,0,0,Drivers,2.0
5009366,M,Y,N,0,180000.0,Commercial associate,Higher education,Civil marriage,House / apartment,-14867,-586,1,1,0,0,Drivers,2.0
